Item #,Part Name,Quantity,Material,Mass (g),Volume,SIZE,,
,,,,,,L,W,H
1,Fuel Channel_C-1,1,Stainless Steel AISI 405,430.4 ,53.8 ,8.3 ,8.3 ,2.0 
2,Fuel Channel_C-2,1,Stainless Steel AISI 405,444.6 ,55.6 ,8.7 ,8.3 ,2.0 
3,Fuel Channel_C-3,1,Stainless Steel AISI 405,458.9 ,57.4 ,8.7 ,8.7 ,2.0 
4,Fuel Channel_C-4,1,Stainless Steel AISI 405,444.6 ,55.6 ,8.7 ,8.3 ,2.0 
5,Fuel Channel_C-5,1,Stainless Steel AISI 405,1288.7 ,161.1 ,10.0 ,7.5 ,7.1 
6,Fuel Channel_C-6,1,Stainless Steel AISI 405,2214.2 ,276.8 ,10.0 ,8.4 ,8.0 
7,Fuel Channel_C-7,1,Stainless Steel AISI 405,931.7 ,116.5 ,10.0 ,8.3 ,7.9 
8,Fuel Channel_C-8,1,Stainless Steel AISI 405,1927.4 ,240.9 ,10.0 ,8.7 ,8.3 
9,Fuel Channel_C-9,1,Stainless Steel AISI 405,1977.6 ,247.2 ,10.0 ,8.8 ,8.4 
10,Fuel Channel_C-10,1,Stainless Steel AISI 405,1758.2 ,219.8 ,10.0 ,8.7 ,8.3 
11,Fuel Channel_C-11,1,Stainless Steel AISI 405,1288.7 ,161.1 ,10.0 ,7.5 ,7.1 
12,Fuel Channel_C-12,1,Stainless Steel AISI 405,1288.7 ,161.1 ,10.0 ,7.5 ,7.1 
13,Fuel Channel_C-13,1,Stainless Steel AISI 405,1288.7 ,161.1 ,10.0 ,7.5 ,7.1 
14,Fuel Channel_C-14,1,Stainless Steel AISI 405,1288.7 ,161.1 ,10.0 ,7.5 ,7.1 
15,Fuel Channel_C-15,1,Stainless Steel AISI 405,1288.7 ,161.1 ,10.0 ,7.5 ,7.1 
16,Fuel Channel_C-16,1,Stainless Steel AISI 405,1288.7 ,161.1 ,10.0 ,7.5 ,7.1 
17,Fuel Channel_C-17,1,Stainless Steel AISI 405,1288.7 ,161.1 ,10.0 ,7.5 ,7.1 
18,Fuel Channel_C-18,1,Stainless Steel AISI 405,1288.7 ,161.1 ,10.0 ,7.5 ,7.1 
19,Fuel Channel_C-19,1,Stainless Steel AISI 405,1297.4 ,162.2 ,10.0 ,7.5 ,7.1 
20,Fuel Channel_C-20,1,Stainless Steel AISI 405,1334.0 ,166.7 ,10.0 ,8.6 ,8.3 
21,Fuel Channel_C-21,1,Stainless Steel AISI 405,931.7 ,116.5 ,10.0 ,8.3 ,7.9 
22,Fuel Channel_C-22,1,Stainless Steel AISI 405,931.7 ,116.5 ,10.0 ,8.3 ,7.9 
23,Fuel Channel_C-23,1,Stainless Steel AISI 405,1073.0 ,134.1 ,10.0 ,9.0 ,8.7 
24,Fuel Channel_C-24,1,Stainless Steel AISI 405,931.7 ,116.5 ,10.0 ,8.3 ,7.9 
25,Fuel Channel_C-25,1,Stainless Steel AISI 405,931.7 ,116.5 ,10.0 ,8.3 ,7.9 
26,Fuel Channel_C-26,1,Stainless Steel AISI 405,931.7 ,116.5 ,10.0 ,8.3 ,7.9 
27,Fuel Channel_C-27,1,Stainless Steel AISI 405,1385.2 ,173.1 ,10.0 ,8.3 ,7.9 
28,Fuel Channel_C-28,1,Stainless Steel AISI 405,1068.1 ,133.5 ,10.0 ,8.4 ,8.0 
29,Fuel Channel_C-29,1,Stainless Steel AISI 405,1288.7 ,161.1 ,10.0 ,7.5 ,7.1 
30,Fuel Channel_C-30,1,Stainless Steel AISI 405,1288.7 ,161.1 ,10.0 ,7.5 ,7.1 
31,Fuel Channel_C-31,1,Stainless Steel AISI 405,1288.7 ,161.1 ,10.0 ,7.5 ,7.1 
32,Fuel Channel_C-32,1,Stainless Steel AISI 405,1288.7 ,161.1 ,10.0 ,7.5 ,7.1 
33,Fuel Channel_C-33,1,Stainless Steel AISI 405,1288.7 ,161.1 ,10.0 ,7.5 ,7.1 
34,Fuel Channel_C-34,1,Stainless Steel AISI 405,1288.7 ,161.1 ,10.0 ,7.5 ,7.1 
35,Fuel Channel_C-35,1,Stainless Steel AISI 405,1288.7 ,161.1 ,10.0 ,7.5 ,7.1 
36,Fuel Channel_C-36,1,Stainless Steel AISI 405,1288.7 ,161.1 ,10.0 ,7.5 ,7.1 
37,Fuel Channel_C-37,1,Stainless Steel AISI 405,1288.7 ,161.1 ,10.0 ,7.5 ,7.1 
38,Fuel Channel_C-38,1,Stainless Steel AISI 405,1288.7 ,161.1 ,10.0 ,7.5 ,7.1 
39,Fuel Channel_C-39,1,Stainless Steel AISI 405,1288.7 ,161.1 ,10.0 ,7.5 ,7.1 
40,Fuel Channel_C-40,1,Stainless Steel AISI 405,1288.7 ,161.1 ,10.0 ,7.5 ,7.1 
41,Fuel Channel_C-41,1,Stainless Steel AISI 405,1288.7 ,161.1 ,10.0 ,7.5 ,7.1 
42,Fuel Channel_C-42,1,Stainless Steel AISI 405,1288.7 ,161.1 ,10.0 ,7.5 ,7.1 
43,Fuel Channel_C-43,1,Stainless Steel AISI 405,1288.7 ,161.1 ,10.0 ,7.5 ,7.1 
44,Fuel Channel_C-44,1,Stainless Steel AISI 405,1288.7 ,161.1 ,10.0 ,7.5 ,7.1 
45,Fuel Channel_C-45,1,Stainless Steel AISI 405,1288.7 ,161.1 ,10.0 ,7.5 ,7.1 
46,Fuel Channel_C-46,1,Stainless Steel AISI 405,1296.4 ,162.0 ,10.0 ,8.6 ,8.3 
47,Fuel Channel_C-47,1,Stainless Steel AISI 405,2236.9 ,279.6 ,10.0 ,10.0 ,9.6 
48,Fuel Channel_C-48,1,Stainless Steel AISI 405,1073.0 ,134.1 ,10.0 ,9.0 ,8.7 
49,Fuel Channel_C-49,1,Stainless Steel AISI 405,931.7 ,116.5 ,10.0 ,8.3 ,7.9 
50,Fuel Channel_C-50,1,Stainless Steel AISI 405,931.7 ,116.5 ,10.0 ,8.3 ,7.9 
51,Fuel Channel_C-51,1,Stainless Steel AISI 405,1364.1 ,170.5 ,10.0 ,8.8 ,8.5 
52,Fuel Channel_C-52,1,Stainless Steel AISI 405,1286.9 ,160.9 ,10.0 ,8.6 ,8.2 
53,Fuel Channel_C-53,1,Stainless Steel AISI 405,1125.7 ,140.7 ,10.0 ,8.6 ,8.2 
54,Fuel Channel_C-54,1,Stainless Steel AISI 405,2236.4 ,279.6 ,10.0 ,8.4 ,8.0 
55,Fuel Channel_C-55,1,Stainless Steel AISI 405,1467.5 ,183.4 ,10.0 ,8.4 ,8.0 
56,Fuel Channel_C-56,1,Stainless Steel AISI 405,1288.7 ,161.1 ,10.0 ,7.5 ,7.1 
57,Fuel Channel_C-57,1,Stainless Steel AISI 405,1288.7 ,161.1 ,10.0 ,7.5 ,7.1 
58,Fuel Channel_C-58,1,Stainless Steel AISI 405,1288.7 ,161.1 ,10.0 ,7.5 ,7.1 
59,Fuel Channel_C-59,1,Stainless Steel AISI 405,1288.7 ,161.1 ,10.0 ,7.5 ,7.1 
60,Fuel Channel_C-60,1,Stainless Steel AISI 405,1288.7 ,161.1 ,10.0 ,7.5 ,7.1 
61,Fuel Channel_C-61,1,Stainless Steel AISI 405,1288.7 ,161.1 ,10.0 ,7.5 ,7.1 
62,Fuel Channel_C-62,1,Stainless Steel AISI 405,1288.7 ,161.1 ,10.0 ,7.5 ,7.1 
63,Fuel Channel_C-63,1,Stainless Steel AISI 405,1288.7 ,161.1 ,10.0 ,7.5 ,7.1 
64,Fuel Channel_C-64,1,Stainless Steel AISI 405,1288.7 ,161.1 ,10.0 ,7.5 ,7.1 
65,Fuel Channel_C-65,1,Stainless Steel AISI 405,1288.7 ,161.1 ,10.0 ,7.5 ,7.1 
66,Fuel Channel_C-66,1,Stainless Steel AISI 405,1288.7 ,161.1 ,10.0 ,7.5 ,7.1 
67,Fuel Channel_C-67,1,Stainless Steel AISI 405,1288.7 ,161.1 ,10.0 ,7.5 ,7.1 
68,Fuel Channel_C-68,1,Stainless Steel AISI 405,1288.7 ,161.1 ,10.0 ,7.5 ,7.1 
69,Fuel Channel_C-69,1,Stainless Steel AISI 405,1288.7 ,161.1 ,10.0 ,7.5 ,7.1 
70,Fuel Channel_C-70,1,Stainless Steel AISI 405,1288.7 ,161.1 ,10.0 ,7.5 ,7.1 
71,Fuel Channel_C-71,1,Stainless Steel AISI 405,1288.7 ,161.1 ,10.0 ,7.5 ,7.1 
72,Fuel Channel_C-72,1,Stainless Steel AISI 405,1288.7 ,161.1 ,10.0 ,7.5 ,7.1 
73,Fuel Channel_C-73,1,Stainless Steel AISI 405,1288.7 ,161.1 ,10.0 ,7.5 ,7.1 
74,Fuel Channel_C-74,1,Stainless Steel AISI 405,1286.9 ,160.9 ,10.0 ,8.6 ,8.2 
75,Fuel Channel_C-75,1,Stainless Steel AISI 405,1408.8 ,176.1 ,10.0 ,9.8 ,9.4 
76,Fuel Channel_C-76,1,Stainless Steel AISI 405,1599.8 ,200.0 ,10.0 ,8.3 ,7.9 
77,Fuel Channel_C-77,1,Stainless Steel AISI 405,931.7 ,116.5 ,10.0 ,8.3 ,7.9 
78,Fuel Channel_C-78,1,Stainless Steel AISI 405,931.7 ,116.5 ,10.0 ,8.3 ,7.9 
79,Fuel Channel_C-79,1,Stainless Steel AISI 405,1845.1 ,230.6 ,10.0 ,10.0 ,9.6 
80,Fuel Channel_C-80,1,Stainless Steel AISI 405,1729.5 ,216.2 ,10.0 ,10.0 ,9.6 
81,Fuel Channel_C-81,1,Stainless Steel AISI 405,1306.0 ,163.2 ,10.0 ,8.6 ,8.3 
82,Fuel Channel_C-82,1,Stainless Steel AISI 405,1286.9 ,160.9 ,10.0 ,8.6 ,8.2 
83,Fuel Channel_C-83,1,Stainless Steel AISI 405,1341.6 ,167.7 ,10.0 ,8.4 ,8.0 
84,Fuel Channel_C-84,1,Stainless Steel AISI 405,1288.7 ,161.1 ,10.0 ,7.5 ,7.1 
85,Fuel Channel_C-85,1,Stainless Steel AISI 405,1288.7 ,161.1 ,10.0 ,7.5 ,7.1 
86,Fuel Channel_C-86,1,Stainless Steel AISI 405,1288.7 ,161.1 ,10.0 ,7.5 ,7.1 
87,Fuel Channel_C-87,1,Stainless Steel AISI 405,1288.7 ,161.1 ,10.0 ,7.5 ,7.1 
88,Fuel Channel_C-88,1,Stainless Steel AISI 405,1288.7 ,161.1 ,10.0 ,7.5 ,7.1 
89,Fuel Channel_C-89,1,Stainless Steel AISI 405,1288.7 ,161.1 ,10.0 ,7.5 ,7.1 
90,Fuel Channel_C-90,1,Stainless Steel AISI 405,1288.7 ,161.1 ,10.0 ,7.5 ,7.1 
91,Fuel Channel_C-91,1,Stainless Steel AISI 405,1288.7 ,161.1 ,10.0 ,7.5 ,7.1 
92,Fuel Channel_C-92,1,Stainless Steel AISI 405,1288.7 ,161.1 ,10.0 ,7.5 ,7.1 
93,Fuel Channel_C-93,1,Stainless Steel AISI 405,1081.4 ,135.2 ,10.0 ,8.6 ,8.2 
94,Fuel Channel_C-94,1,Stainless Steel AISI 405,1286.5 ,160.8 ,10.0 ,8.6 ,8.2 
95,Fuel Channel_C-95,1,Stainless Steel AISI 405,1375.0 ,171.9 ,10.0 ,8.8 ,8.5 
96,Fuel Channel_C-96,1,Stainless Steel AISI 405,1809.0 ,226.1 ,10.0 ,8.8 ,8.4 
97,Fuel Channel_C-97,1,Stainless Steel AISI 405,1984.3 ,248.0 ,10.0 ,8.8 ,8.4 
98,Fuel Channel_C-98,1,Stainless Steel AISI 405,931.7 ,116.5 ,10.0 ,8.3 ,7.9 
99,Fuel Channel_C-99,1,Stainless Steel AISI 405,1174.5 ,146.8 ,10.0 ,9.0 ,8.7 
100,Fuel Channel_C-100,1,Stainless Steel AISI 405,1334.0 ,166.7 ,10.0 ,8.6 ,8.3 
101,Fuel Channel_C-101,1,Stainless Steel AISI 405,1288.7 ,161.1 ,10.0 ,7.5 ,7.1 
102,Fuel Channel_C-102,1,Stainless Steel AISI 405,1288.7 ,161.1 ,10.0 ,7.5 ,7.1 
103,Fuel Channel_C-103,1,Stainless Steel AISI 405,1288.7 ,161.1 ,10.0 ,7.5 ,7.1 
104,Fuel Channel_C-104,1,Stainless Steel AISI 405,1288.7 ,161.1 ,10.0 ,7.5 ,7.1 
105,Fuel Channel_C-105,1,Stainless Steel AISI 405,1288.7 ,161.1 ,10.0 ,7.5 ,7.1 
106,Fuel Channel_C-106,1,Stainless Steel AISI 405,1288.7 ,161.1 ,10.0 ,7.5 ,7.1 
107,Fuel Channel_C-107,1,Stainless Steel AISI 405,1288.7 ,161.1 ,10.0 ,7.5 ,7.1 
108,Fuel Channel_C-108,1,Stainless Steel AISI 405,1578.9 ,197.4 ,10.0 ,8.4 ,8.0 
109,Fuel Channel_C-109,1,Stainless Steel AISI 405,1068.1 ,133.5 ,10.0 ,8.4 ,8.0 
110,Fuel Channel_C-110,1,Stainless Steel AISI 405,1909.9 ,238.7 ,10.0 ,8.7 ,8.3 
111,Fuel Channel_C-111,1,Stainless Steel AISI 405,931.7 ,116.5 ,10.0 ,8.3 ,7.9 
112,Fuel Channel_C-112,1,Stainless Steel AISI 405,971.6 ,121.5 ,10.0 ,8.8 ,8.4 
113,Fuel Channel_C-113,1,Stainless Steel AISI 405,1334.8 ,166.8 ,10.0 ,7.5 ,7.5 
114,Fuel Channel_C-114,1,Stainless Steel AISI 405,2289.0 ,286.1 ,10.0 ,8.4 ,8.4 
115,Fuel Channel_C-115,1,Stainless Steel AISI 405,2125.3 ,265.7 ,10.0 ,9.8 ,8.3 
116,Fuel Channel_C-116,1,Stainless Steel AISI 405,1991.5 ,248.9 ,10.0 ,8.7 ,8.7 
117,Fuel Channel_C-117,1,Stainless Steel AISI 405,2040.8 ,255.1 ,10.0 ,8.8 ,8.8 
118,Fuel Channel_C-118,1,Stainless Steel AISI 405,1816.2 ,227.0 ,10.0 ,8.7 ,8.7 
119,Fuel Channel_C-119,1,Stainless Steel AISI 405,1334.8 ,166.8 ,10.0 ,7.5 ,7.5 
120,Fuel Channel_C-120,1,Stainless Steel AISI 405,1334.8 ,166.8 ,10.0 ,7.5 ,7.5 
121,Fuel Channel_C-121,1,Stainless Steel AISI 405,1334.8 ,166.8 ,10.0 ,7.5 ,7.5 
122,Fuel Channel_C-122,1,Stainless Steel AISI 405,1334.8 ,166.8 ,10.0 ,7.5 ,7.5 
123,Fuel Channel_C-123,1,Stainless Steel AISI 405,1334.8 ,166.8 ,10.0 ,7.5 ,7.5 
124,Fuel Channel_C-124,1,Stainless Steel AISI 405,1334.8 ,166.8 ,10.0 ,7.5 ,7.5 
125,Fuel Channel_C-125,1,Stainless Steel AISI 405,1334.8 ,166.8 ,10.0 ,7.5 ,7.5 
126,Fuel Channel_C-126,1,Stainless Steel AISI 405,1334.8 ,166.8 ,10.0 ,7.5 ,7.5 
127,Fuel Channel_C-127,1,Stainless Steel AISI 405,1343.9 ,168.0 ,10.0 ,7.5 ,7.5 
128,Fuel Channel_C-128,1,Stainless Steel AISI 405,1374.0 ,171.7 ,10.0 ,8.6 ,8.6 
129,Fuel Channel_C-129,1,Stainless Steel AISI 405,960.3 ,120.0 ,10.0 ,8.3 ,8.3 
130,Fuel Channel_C-130,1,Stainless Steel AISI 405,960.3 ,120.0 ,10.0 ,8.3 ,8.3 
131,Fuel Channel_C-131,1,Stainless Steel AISI 405,1105.6 ,138.2 ,10.0 ,9.0 ,9.0 
132,Fuel Channel_C-132,1,Stainless Steel AISI 405,960.3 ,120.0 ,10.0 ,8.3 ,8.3 
133,Fuel Channel_C-133,1,Stainless Steel AISI 405,960.3 ,120.0 ,10.0 ,8.3 ,8.3 
134,Fuel Channel_C-134,1,Stainless Steel AISI 405,960.3 ,120.0 ,10.0 ,8.3 ,8.3 
135,Fuel Channel_C-135,1,Stainless Steel AISI 405,2762.3 ,345.3 ,10.0 ,9.8 ,8.3 
136,Fuel Channel_C-136,1,Stainless Steel AISI 405,1100.6 ,137.6 ,10.0 ,8.4 ,8.4 
137,Fuel Channel_C-137,1,Stainless Steel AISI 405,1334.8 ,166.8 ,10.0 ,7.5 ,7.5 
138,Fuel Channel_C-138,1,Stainless Steel AISI 405,1334.8 ,166.8 ,10.0 ,7.5 ,7.5 
139,Fuel Channel_C-139,1,Stainless Steel AISI 405,1334.8 ,166.8 ,10.0 ,7.5 ,7.5 
140,Fuel Channel_C-140,1,Stainless Steel AISI 405,1334.8 ,166.8 ,10.0 ,7.5 ,7.5 
141,Fuel Channel_C-141,1,Stainless Steel AISI 405,1334.8 ,166.8 ,10.0 ,7.5 ,7.5 
142,Fuel Channel_C-142,1,Stainless Steel AISI 405,1334.8 ,166.8 ,10.0 ,7.5 ,7.5 
143,Fuel Channel_C-143,1,Stainless Steel AISI 405,1334.8 ,166.8 ,10.0 ,7.5 ,7.5 
144,Fuel Channel_C-144,1,Stainless Steel AISI 405,1334.8 ,166.8 ,10.0 ,7.5 ,7.5 
145,Fuel Channel_C-145,1,Stainless Steel AISI 405,1334.8 ,166.8 ,10.0 ,7.5 ,7.5 
146,Fuel Channel_C-146,1,Stainless Steel AISI 405,1334.8 ,166.8 ,10.0 ,7.5 ,7.5 
147,Fuel Channel_C-147,1,Stainless Steel AISI 405,1334.8 ,166.8 ,10.0 ,7.5 ,7.5 
148,Fuel Channel_C-148,1,Stainless Steel AISI 405,1334.8 ,166.8 ,10.0 ,7.5 ,7.5 
149,Fuel Channel_C-149,1,Stainless Steel AISI 405,1334.8 ,166.8 ,10.0 ,7.5 ,7.5 
150,Fuel Channel_C-150,1,Stainless Steel AISI 405,1334.8 ,166.8 ,10.0 ,7.5 ,7.5 
151,Fuel Channel_C-151,1,Stainless Steel AISI 405,1334.8 ,166.8 ,10.0 ,7.5 ,7.5 
152,Fuel Channel_C-152,1,Stainless Steel AISI 405,1334.8 ,166.8 ,10.0 ,7.5 ,7.5 
153,Fuel Channel_C-153,1,Stainless Steel AISI 405,1334.8 ,166.8 ,10.0 ,7.5 ,7.5 
154,Fuel Channel_C-154,1,Stainless Steel AISI 405,1335.3 ,166.9 ,10.0 ,8.6 ,8.6 
155,Fuel Channel_C-155,1,Stainless Steel AISI 405,2299.8 ,287.5 ,10.0 ,10.0 ,10.0 
156,Fuel Channel_C-156,1,Stainless Steel AISI 405,1105.6 ,138.2 ,10.0 ,9.0 ,9.0 
157,Fuel Channel_C-157,1,Stainless Steel AISI 405,960.3 ,120.0 ,10.0 ,8.3 ,8.3 
158,Fuel Channel_C-158,1,Stainless Steel AISI 405,960.3 ,120.0 ,10.0 ,8.3 ,8.3 
159,Fuel Channel_C-159,1,Stainless Steel AISI 405,1404.9 ,175.6 ,10.0 ,8.8 ,8.8 
160,Fuel Channel_C-160,1,Stainless Steel AISI 405,1325.5 ,165.7 ,10.0 ,8.6 ,8.6 
161,Fuel Channel_C-161,1,Stainless Steel AISI 405,1159.8 ,145.0 ,10.0 ,8.6 ,8.6 
162,Fuel Channel_C-162,1,Stainless Steel AISI 405,2311.8 ,289.0 ,10.0 ,8.4 ,8.4 
163,Fuel Channel_C-163,1,Stainless Steel AISI 405,1519.3 ,189.9 ,10.0 ,8.4 ,8.4 
164,Fuel Channel_C-164,1,Stainless Steel AISI 405,1334.8 ,166.8 ,10.0 ,7.5 ,7.5 
165,Fuel Channel_C-165,1,Stainless Steel AISI 405,1334.8 ,166.8 ,10.0 ,7.5 ,7.5 
166,Fuel Channel_C-166,1,Stainless Steel AISI 405,1334.8 ,166.8 ,10.0 ,7.5 ,7.5 
167,Fuel Channel_C-167,1,Stainless Steel AISI 405,1334.8 ,166.8 ,10.0 ,7.5 ,7.5 
168,Fuel Channel_C-168,1,Stainless Steel AISI 405,1334.8 ,166.8 ,10.0 ,7.5 ,7.5 
169,Fuel Channel_C-169,1,Stainless Steel AISI 405,1334.8 ,166.8 ,10.0 ,7.5 ,7.5 
170,Fuel Channel_C-170,1,Stainless Steel AISI 405,1334.8 ,166.8 ,10.0 ,7.5 ,7.5 
171,Fuel Channel_C-171,1,Stainless Steel AISI 405,1334.8 ,166.8 ,10.0 ,7.5 ,7.5 
172,Fuel Channel_C-172,1,Stainless Steel AISI 405,1334.8 ,166.8 ,10.0 ,7.5 ,7.5 
173,Fuel Channel_C-173,1,Stainless Steel AISI 405,1334.8 ,166.8 ,10.0 ,7.5 ,7.5 
174,Fuel Channel_C-174,1,Stainless Steel AISI 405,1334.8 ,166.8 ,10.0 ,7.5 ,7.5 
175,Fuel Channel_C-175,1,Stainless Steel AISI 405,1334.8 ,166.8 ,10.0 ,7.5 ,7.5 
176,Fuel Channel_C-176,1,Stainless Steel AISI 405,1334.8 ,166.8 ,10.0 ,7.5 ,7.5 
177,Fuel Channel_C-177,1,Stainless Steel AISI 405,1334.8 ,166.8 ,10.0 ,7.5 ,7.5 
178,Fuel Channel_C-178,1,Stainless Steel AISI 405,1334.8 ,166.8 ,10.0 ,7.5 ,7.5 
179,Fuel Channel_C-179,1,Stainless Steel AISI 405,1334.8 ,166.8 ,10.0 ,7.5 ,7.5 
180,Fuel Channel_C-180,1,Stainless Steel AISI 405,1334.8 ,166.8 ,10.0 ,7.5 ,7.5 
181,Fuel Channel_C-181,1,Stainless Steel AISI 405,1334.8 ,166.8 ,10.0 ,7.5 ,7.5 
182,Fuel Channel_C-182,1,Stainless Steel AISI 405,1325.5 ,165.7 ,10.0 ,8.6 ,8.6 
183,Fuel Channel_C-183,1,Stainless Steel AISI 405,1450.7 ,181.3 ,10.0 ,9.8 ,9.8 
184,Fuel Channel_C-184,1,Stainless Steel AISI 405,2759.6 ,345.0 ,10.0 ,9.8 ,8.3 
185,Fuel Channel_C-185,1,Stainless Steel AISI 405,962.1 ,120.3 ,10.0 ,8.4 ,8.3 
186,Fuel Channel_C-186,1,Stainless Steel AISI 405,960.3 ,120.0 ,10.0 ,8.3 ,8.3 
187,Fuel Channel_C-187,1,Stainless Steel AISI 405,1897.8 ,237.2 ,10.0 ,10.0 ,10.0 
188,Fuel Channel_C-188,1,Stainless Steel AISI 405,1779.7 ,222.5 ,10.0 ,10.0 ,10.0 
189,Fuel Channel_C-189,1,Stainless Steel AISI 405,1345.2 ,168.1 ,10.0 ,8.6 ,8.6 
190,Fuel Channel_C-190,1,Stainless Steel AISI 405,1325.5 ,165.7 ,10.0 ,8.6 ,8.6 
191,Fuel Channel_C-191,1,Stainless Steel AISI 405,1383.8 ,173.0 ,10.0 ,8.4 ,8.4 
192,Fuel Channel_C-192,1,Stainless Steel AISI 405,1334.8 ,166.8 ,10.0 ,7.5 ,7.5 
193,Fuel Channel_C-193,1,Stainless Steel AISI 405,1334.8 ,166.8 ,10.0 ,7.5 ,7.5 
194,Fuel Channel_C-194,1,Stainless Steel AISI 405,1334.8 ,166.8 ,10.0 ,7.5 ,7.5 
195,Fuel Channel_C-195,1,Stainless Steel AISI 405,1334.8 ,166.8 ,10.0 ,7.5 ,7.5 
196,Fuel Channel_C-196,1,Stainless Steel AISI 405,1334.8 ,166.8 ,10.0 ,7.5 ,7.5 
197,Fuel Channel_C-197,1,Stainless Steel AISI 405,1334.8 ,166.8 ,10.0 ,7.5 ,7.5 
198,Fuel Channel_C-198,1,Stainless Steel AISI 405,1334.8 ,166.8 ,10.0 ,7.5 ,7.5 
199,Fuel Channel_C-199,1,Stainless Steel AISI 405,1334.8 ,166.8 ,10.0 ,7.5 ,7.5 
200,Fuel Channel_C-200,1,Stainless Steel AISI 405,1334.8 ,166.8 ,10.0 ,7.5 ,7.5 
201,Fuel Channel_C-201,1,Stainless Steel AISI 405,1114.4 ,139.3 ,10.0 ,8.6 ,8.6 
202,Fuel Channel_C-202,1,Stainless Steel AISI 405,1325.2 ,165.6 ,10.0 ,8.6 ,8.6 
203,Fuel Channel_C-203,1,Stainless Steel AISI 405,1416.2 ,177.0 ,10.0 ,8.8 ,8.8 
204,Fuel Channel_C-204,1,Stainless Steel AISI 405,1867.3 ,233.4 ,10.0 ,8.8 ,8.8 
205,Fuel Channel_C-205,1,Stainless Steel AISI 405,2049.5 ,256.2 ,10.0 ,8.8 ,8.8 
206,Fuel Channel_C-206,1,Stainless Steel AISI 405,2348.5 ,293.6 ,10.0 ,9.8 ,8.3 
207,Fuel Channel_C-207,1,Stainless Steel AISI 405,1209.9 ,151.2 ,10.0 ,9.0 ,9.0 
208,Fuel Channel_C-208,1,Stainless Steel AISI 405,1374.0 ,171.7 ,10.0 ,8.6 ,8.6 
209,Fuel Channel_C-209,1,Stainless Steel AISI 405,1334.8 ,166.8 ,10.0 ,7.5 ,7.5 
210,Fuel Channel_C-210,1,Stainless Steel AISI 405,1334.8 ,166.8 ,10.0 ,7.5 ,7.5 
211,Fuel Channel_C-211,1,Stainless Steel AISI 405,1334.8 ,166.8 ,10.0 ,7.5 ,7.5 
212,Fuel Channel_C-212,1,Stainless Steel AISI 405,1334.8 ,166.8 ,10.0 ,7.5 ,7.5 
213,Fuel Channel_C-213,1,Stainless Steel AISI 405,1334.8 ,166.8 ,10.0 ,7.5 ,7.5 
214,Fuel Channel_C-214,1,Stainless Steel AISI 405,1334.8 ,166.8 ,10.0 ,7.5 ,7.5 
215,Fuel Channel_C-215,1,Stainless Steel AISI 405,1334.8 ,166.8 ,10.0 ,7.5 ,7.5 
216,Fuel Channel_C-216,1,Stainless Steel AISI 405,1629.8 ,203.7 ,10.0 ,8.4 ,8.4 
217,Fuel Channel_C-217,1,Stainless Steel AISI 405,1100.6 ,137.6 ,10.0 ,8.4 ,8.4 
218,Fuel Channel_C-218,1,Stainless Steel AISI 405,1972.3 ,246.5 ,10.0 ,8.7 ,8.7 
219,Fuel Channel_C-219,1,Stainless Steel AISI 405,960.3 ,120.0 ,10.0 ,8.3 ,8.3 
220,Fuel Channel_C-220,1,Stainless Steel AISI 405,1001.4 ,125.2 ,10.0 ,8.8 ,8.8 
221,Fuel Channel_C-221,1,Stainless Steel AISI 405,1288.7 ,161.1 ,10.0 ,7.5 ,7.1 
222,Fuel Channel_C-222,1,Stainless Steel AISI 405,2214.3 ,276.8 ,10.0 ,8.4 ,8.0 
223,Fuel Channel_C-223,1,Stainless Steel AISI 405,2084.3 ,260.5 ,10.0 ,9.8 ,7.9 
224,Fuel Channel_C-224,1,Stainless Steel AISI 405,1927.5 ,240.9 ,10.0 ,8.7 ,8.3 
225,Fuel Channel_C-225,1,Stainless Steel AISI 405,1977.8 ,247.2 ,10.0 ,8.8 ,8.4 
226,Fuel Channel_C-226,1,Stainless Steel AISI 405,1758.2 ,219.8 ,10.0 ,8.7 ,8.3 
227,Fuel Channel_C-227,1,Stainless Steel AISI 405,1288.7 ,161.1 ,10.0 ,7.5 ,7.1 
228,Fuel Channel_C-228,1,Stainless Steel AISI 405,1288.7 ,161.1 ,10.0 ,7.5 ,7.1 
229,Fuel Channel_C-229,1,Stainless Steel AISI 405,1288.7 ,161.1 ,10.0 ,7.5 ,7.1 
230,Fuel Channel_C-230,1,Stainless Steel AISI 405,1288.7 ,161.1 ,10.0 ,7.5 ,7.1 
231,Fuel Channel_C-231,1,Stainless Steel AISI 405,1288.7 ,161.1 ,10.0 ,7.5 ,7.1 
232,Fuel Channel_C-232,1,Stainless Steel AISI 405,1288.7 ,161.1 ,10.0 ,7.5 ,7.1 
233,Fuel Channel_C-233,1,Stainless Steel AISI 405,1288.7 ,161.1 ,10.0 ,7.5 ,7.1 
234,Fuel Channel_C-234,1,Stainless Steel AISI 405,1288.7 ,161.1 ,10.0 ,7.5 ,7.1 
235,Fuel Channel_C-235,1,Stainless Steel AISI 405,1297.5 ,162.2 ,10.0 ,7.5 ,7.1 
236,Fuel Channel_C-236,1,Stainless Steel AISI 405,1334.0 ,166.8 ,10.0 ,8.6 ,8.3 
237,Fuel Channel_C-237,1,Stainless Steel AISI 405,931.7 ,116.5 ,10.0 ,8.3 ,7.9 
238,Fuel Channel_C-238,1,Stainless Steel AISI 405,931.7 ,116.5 ,10.0 ,8.3 ,7.9 
239,Fuel Channel_C-239,1,Stainless Steel AISI 405,1073.1 ,134.1 ,10.0 ,9.0 ,8.7 
240,Fuel Channel_C-240,1,Stainless Steel AISI 405,931.7 ,116.5 ,10.0 ,8.3 ,7.9 
241,Fuel Channel_C-241,1,Stainless Steel AISI 405,931.7 ,116.5 ,10.0 ,8.3 ,7.9 
242,Fuel Channel_C-242,1,Stainless Steel AISI 405,931.7 ,116.5 ,10.0 ,8.3 ,7.9 
243,Fuel Channel_C-243,1,Stainless Steel AISI 405,2709.4 ,338.7 ,10.0 ,9.8 ,7.9 
244,Fuel Channel_C-244,1,Stainless Steel AISI 405,1068.1 ,133.5 ,10.0 ,8.4 ,8.0 
245,Fuel Channel_C-245,1,Stainless Steel AISI 405,1288.7 ,161.1 ,10.0 ,7.5 ,7.1 
246,Fuel Channel_C-246,1,Stainless Steel AISI 405,1288.7 ,161.1 ,10.0 ,7.5 ,7.1 
247,Fuel Channel_C-247,1,Stainless Steel AISI 405,1288.7 ,161.1 ,10.0 ,7.5 ,7.1 
248,Fuel Channel_C-248,1,Stainless Steel AISI 405,1288.7 ,161.1 ,10.0 ,7.5 ,7.1 
249,Fuel Channel_C-249,1,Stainless Steel AISI 405,1288.7 ,161.1 ,10.0 ,7.5 ,7.1 
250,Fuel Channel_C-250,1,Stainless Steel AISI 405,1288.7 ,161.1 ,10.0 ,7.5 ,7.1 
251,Fuel Channel_C-251,1,Stainless Steel AISI 405,1288.7 ,161.1 ,10.0 ,7.5 ,7.1 
252,Fuel Channel_C-252,1,Stainless Steel AISI 405,1288.7 ,161.1 ,10.0 ,7.5 ,7.1 
253,Fuel Channel_C-253,1,Stainless Steel AISI 405,1288.7 ,161.1 ,10.0 ,7.5 ,7.1 
254,Fuel Channel_C-254,1,Stainless Steel AISI 405,1288.7 ,161.1 ,10.0 ,7.5 ,7.1 
255,Fuel Channel_C-255,1,Stainless Steel AISI 405,1288.7 ,161.1 ,10.0 ,7.5 ,7.1 
256,Fuel Channel_C-256,1,Stainless Steel AISI 405,1288.7 ,161.1 ,10.0 ,7.5 ,7.1 
257,Fuel Channel_C-257,1,Stainless Steel AISI 405,1288.7 ,161.1 ,10.0 ,7.5 ,7.1 
258,Fuel Channel_C-258,1,Stainless Steel AISI 405,1288.7 ,161.1 ,10.0 ,7.5 ,7.1 
259,Fuel Channel_C-259,1,Stainless Steel AISI 405,1288.7 ,161.1 ,10.0 ,7.5 ,7.1 
260,Fuel Channel_C-260,1,Stainless Steel AISI 405,1288.7 ,161.1 ,10.0 ,7.5 ,7.1 
261,Fuel Channel_C-261,1,Stainless Steel AISI 405,1288.7 ,161.1 ,10.0 ,7.5 ,7.1 
262,Fuel Channel_C-262,1,Stainless Steel AISI 405,1296.4 ,162.0 ,10.0 ,8.6 ,8.3 
263,Fuel Channel_C-263,1,Stainless Steel AISI 405,2236.9 ,279.6 ,10.0 ,10.0 ,9.6 
264,Fuel Channel_C-264,1,Stainless Steel AISI 405,1073.1 ,134.1 ,10.0 ,9.0 ,8.7 
265,Fuel Channel_C-265,1,Stainless Steel AISI 405,931.7 ,116.5 ,10.0 ,8.3 ,7.9 
266,Fuel Channel_C-266,1,Stainless Steel AISI 405,931.7 ,116.5 ,10.0 ,8.3 ,7.9 
267,Fuel Channel_C-267,1,Stainless Steel AISI 405,1364.2 ,170.5 ,10.0 ,8.8 ,8.5 
268,Fuel Channel_C-268,1,Stainless Steel AISI 405,1286.9 ,160.9 ,10.0 ,8.6 ,8.2 
269,Fuel Channel_C-269,1,Stainless Steel AISI 405,1125.7 ,140.7 ,10.0 ,8.6 ,8.2 
270,Fuel Channel_C-270,1,Stainless Steel AISI 405,2236.5 ,279.6 ,10.0 ,8.4 ,8.0 
271,Fuel Channel_C-271,1,Stainless Steel AISI 405,1467.6 ,183.4 ,10.0 ,8.4 ,8.0 
272,Fuel Channel_C-272,1,Stainless Steel AISI 405,1288.7 ,161.1 ,10.0 ,7.5 ,7.1 
273,Fuel Channel_C-273,1,Stainless Steel AISI 405,1288.7 ,161.1 ,10.0 ,7.5 ,7.1 
274,Fuel Channel_C-274,1,Stainless Steel AISI 405,1288.7 ,161.1 ,10.0 ,7.5 ,7.1 
275,Fuel Channel_C-275,1,Stainless Steel AISI 405,1288.7 ,161.1 ,10.0 ,7.5 ,7.1 
276,Fuel Channel_C-276,1,Stainless Steel AISI 405,1288.7 ,161.1 ,10.0 ,7.5 ,7.1 
277,Fuel Channel_C-277,1,Stainless Steel AISI 405,1288.7 ,161.1 ,10.0 ,7.5 ,7.1 
278,Fuel Channel_C-278,1,Stainless Steel AISI 405,1288.7 ,161.1 ,10.0 ,7.5 ,7.1 
279,Fuel Channel_C-279,1,Stainless Steel AISI 405,1288.7 ,161.1 ,10.0 ,7.5 ,7.1 
280,Fuel Channel_C-280,1,Stainless Steel AISI 405,1288.7 ,161.1 ,10.0 ,7.5 ,7.1 
281,Fuel Channel_C-281,1,Stainless Steel AISI 405,1288.7 ,161.1 ,10.0 ,7.5 ,7.1 
282,Fuel Channel_C-282,1,Stainless Steel AISI 405,1288.7 ,161.1 ,10.0 ,7.5 ,7.1 
283,Fuel Channel_C-283,1,Stainless Steel AISI 405,1288.7 ,161.1 ,10.0 ,7.5 ,7.1 
284,Fuel Channel_C-284,1,Stainless Steel AISI 405,1288.7 ,161.1 ,10.0 ,7.5 ,7.1 
285,Fuel Channel_C-285,1,Stainless Steel AISI 405,1288.7 ,161.1 ,10.0 ,7.5 ,7.1 
286,Fuel Channel_C-286,1,Stainless Steel AISI 405,1288.7 ,161.1 ,10.0 ,7.5 ,7.1 
287,Fuel Channel_C-287,1,Stainless Steel AISI 405,1288.7 ,161.1 ,10.0 ,7.5 ,7.1 
288,Fuel Channel_C-288,1,Stainless Steel AISI 405,1288.7 ,161.1 ,10.0 ,7.5 ,7.1 
289,Fuel Channel_C-289,1,Stainless Steel AISI 405,1288.7 ,161.1 ,10.0 ,7.5 ,7.1 
290,Fuel Channel_C-290,1,Stainless Steel AISI 405,1286.9 ,160.9 ,10.0 ,8.6 ,8.2 
291,Fuel Channel_C-291,1,Stainless Steel AISI 405,1408.8 ,176.1 ,10.0 ,9.8 ,9.4 
292,Fuel Channel_C-292,1,Stainless Steel AISI 405,2693.2 ,336.7 ,10.0 ,9.8 ,7.9 
293,Fuel Channel_C-293,1,Stainless Steel AISI 405,933.5 ,116.7 ,10.0 ,8.4 ,7.9 
294,Fuel Channel_C-294,1,Stainless Steel AISI 405,931.7 ,116.5 ,10.0 ,8.3 ,7.9 
295,Fuel Channel_C-295,1,Stainless Steel AISI 405,1845.1 ,230.6 ,10.0 ,10.0 ,9.6 
296,Fuel Channel_C-296,1,Stainless Steel AISI 405,1729.6 ,216.2 ,10.0 ,10.0 ,9.6 
297,Fuel Channel_C-297,1,Stainless Steel AISI 405,1306.0 ,163.3 ,10.0 ,8.6 ,8.3 
298,Fuel Channel_C-298,1,Stainless Steel AISI 405,1286.9 ,160.9 ,10.0 ,8.6 ,8.2 
299,Fuel Channel_C-299,1,Stainless Steel AISI 405,1341.6 ,167.7 ,10.0 ,8.4 ,8.0 
300,Fuel Channel_C-300,1,Stainless Steel AISI 405,1288.7 ,161.1 ,10.0 ,7.5 ,7.1 
301,Fuel Channel_C-301,1,Stainless Steel AISI 405,1288.7 ,161.1 ,10.0 ,7.5 ,7.1 
302,Fuel Channel_C-302,1,Stainless Steel AISI 405,1288.7 ,161.1 ,10.0 ,7.5 ,7.1 
303,Fuel Channel_C-303,1,Stainless Steel AISI 405,1288.7 ,161.1 ,10.0 ,7.5 ,7.1 
304,Fuel Channel_C-304,1,Stainless Steel AISI 405,1288.7 ,161.1 ,10.0 ,7.5 ,7.1 
305,Fuel Channel_C-305,1,Stainless Steel AISI 405,1288.7 ,161.1 ,10.0 ,7.5 ,7.1 
306,Fuel Channel_C-306,1,Stainless Steel AISI 405,1288.7 ,161.1 ,10.0 ,7.5 ,7.1 
307,Fuel Channel_C-307,1,Stainless Steel AISI 405,1288.7 ,161.1 ,10.0 ,7.5 ,7.1 
308,Fuel Channel_C-308,1,Stainless Steel AISI 405,1288.7 ,161.1 ,10.0 ,7.5 ,7.1 
309,Fuel Channel_C-309,1,Stainless Steel AISI 405,1081.4 ,135.2 ,10.0 ,8.6 ,8.2 
310,Fuel Channel_C-310,1,Stainless Steel AISI 405,1286.5 ,160.8 ,10.0 ,8.6 ,8.2 
311,Fuel Channel_C-311,1,Stainless Steel AISI 405,1375.1 ,171.9 ,10.0 ,8.8 ,8.5 
312,Fuel Channel_C-312,1,Stainless Steel AISI 405,1809.1 ,226.1 ,10.0 ,8.8 ,8.4 
313,Fuel Channel_C-313,1,Stainless Steel AISI 405,1984.3 ,248.0 ,10.0 ,8.8 ,8.4 
314,Fuel Channel_C-314,1,Stainless Steel AISI 405,2314.1 ,289.3 ,10.0 ,9.8 ,7.9 
315,Fuel Channel_C-315,1,Stainless Steel AISI 405,1174.5 ,146.8 ,10.0 ,9.0 ,8.7 
316,Fuel Channel_C-316,1,Stainless Steel AISI 405,1334.0 ,166.8 ,10.0 ,8.6 ,8.3 
317,Fuel Channel_C-317,1,Stainless Steel AISI 405,1288.7 ,161.1 ,10.0 ,7.5 ,7.1 
318,Fuel Channel_C-318,1,Stainless Steel AISI 405,1288.7 ,161.1 ,10.0 ,7.5 ,7.1 
319,Fuel Channel_C-319,1,Stainless Steel AISI 405,1288.7 ,161.1 ,10.0 ,7.5 ,7.1 
320,Fuel Channel_C-320,1,Stainless Steel AISI 405,1288.7 ,161.1 ,10.0 ,7.5 ,7.1 
321,Fuel Channel_C-321,1,Stainless Steel AISI 405,1288.7 ,161.1 ,10.0 ,7.5 ,7.1 
322,Fuel Channel_C-322,1,Stainless Steel AISI 405,1288.7 ,161.1 ,10.0 ,7.5 ,7.1 
323,Fuel Channel_C-323,1,Stainless Steel AISI 405,1288.7 ,161.1 ,10.0 ,7.5 ,7.1 
324,Fuel Channel_C-324,1,Stainless Steel AISI 405,1578.9 ,197.4 ,10.0 ,8.4 ,8.0 
325,Fuel Channel_C-325,1,Stainless Steel AISI 405,1068.1 ,133.5 ,10.0 ,8.4 ,8.0 
326,Fuel Channel_C-326,1,Stainless Steel AISI 405,1910.0 ,238.7 ,10.0 ,8.7 ,8.3 
327,Fuel Channel_C-327,1,Stainless Steel AISI 405,931.7 ,116.5 ,10.0 ,8.3 ,7.9 
328,Fuel Channel_C-328,1,Stainless Steel AISI 405,971.6 ,121.5 ,10.0 ,8.8 ,8.4 
329,Fuel Channel_C-329,1,Stainless Steel AISI 405,1242.6 ,155.3 ,10.0 ,7.1 ,7.1 
330,Fuel Channel_C-330,1,Stainless Steel AISI 405,2139.6 ,267.4 ,10.0 ,8.0 ,8.0 
331,Fuel Channel_C-331,1,Stainless Steel AISI 405,903.1 ,112.9 ,10.0 ,7.9 ,7.9 
332,Fuel Channel_C-332,1,Stainless Steel AISI 405,1863.4 ,232.9 ,10.0 ,8.3 ,8.3 
333,Fuel Channel_C-333,1,Stainless Steel AISI 405,1914.5 ,239.3 ,10.0 ,8.4 ,8.4 
334,Fuel Channel_C-334,1,Stainless Steel AISI 405,1700.2 ,212.5 ,10.0 ,8.3 ,8.3 
335,Fuel Channel_C-335,1,Stainless Steel AISI 405,1242.6 ,155.3 ,10.0 ,7.1 ,7.1 
336,Fuel Channel_C-336,1,Stainless Steel AISI 405,1242.6 ,155.3 ,10.0 ,7.1 ,7.1 
337,Fuel Channel_C-337,1,Stainless Steel AISI 405,1242.6 ,155.3 ,10.0 ,7.1 ,7.1 
338,Fuel Channel_C-338,1,Stainless Steel AISI 405,1242.6 ,155.3 ,10.0 ,7.1 ,7.1 
339,Fuel Channel_C-339,1,Stainless Steel AISI 405,1242.6 ,155.3 ,10.0 ,7.1 ,7.1 
340,Fuel Channel_C-340,1,Stainless Steel AISI 405,1242.6 ,155.3 ,10.0 ,7.1 ,7.1 
341,Fuel Channel_C-341,1,Stainless Steel AISI 405,1242.6 ,155.3 ,10.0 ,7.1 ,7.1 
342,Fuel Channel_C-342,1,Stainless Steel AISI 405,1242.6 ,155.3 ,10.0 ,7.1 ,7.1 
343,Fuel Channel_C-343,1,Stainless Steel AISI 405,1251.0 ,156.4 ,10.0 ,7.1 ,7.1 
344,Fuel Channel_C-344,1,Stainless Steel AISI 405,1294.0 ,161.8 ,10.0 ,8.3 ,8.3 
345,Fuel Channel_C-345,1,Stainless Steel AISI 405,903.1 ,112.9 ,10.0 ,7.9 ,7.9 
346,Fuel Channel_C-346,1,Stainless Steel AISI 405,903.1 ,112.9 ,10.0 ,7.9 ,7.9 
347,Fuel Channel_C-347,1,Stainless Steel AISI 405,1040.5 ,130.1 ,10.0 ,8.7 ,8.7 
348,Fuel Channel_C-348,1,Stainless Steel AISI 405,903.1 ,112.9 ,10.0 ,7.9 ,7.9 
349,Fuel Channel_C-349,1,Stainless Steel AISI 405,903.1 ,112.9 ,10.0 ,7.9 ,7.9 
350,Fuel Channel_C-350,1,Stainless Steel AISI 405,903.1 ,112.9 ,10.0 ,7.9 ,7.9 
351,Fuel Channel_C-351,1,Stainless Steel AISI 405,1340.2 ,167.5 ,10.0 ,7.9 ,7.9 
352,Fuel Channel_C-352,1,Stainless Steel AISI 405,1035.5 ,129.4 ,10.0 ,8.0 ,8.0 
353,Fuel Channel_C-353,1,Stainless Steel AISI 405,1242.6 ,155.3 ,10.0 ,7.1 ,7.1 
354,Fuel Channel_C-354,1,Stainless Steel AISI 405,1242.6 ,155.3 ,10.0 ,7.1 ,7.1 
355,Fuel Channel_C-355,1,Stainless Steel AISI 405,1242.6 ,155.3 ,10.0 ,7.1 ,7.1 
356,Fuel Channel_C-356,1,Stainless Steel AISI 405,1242.6 ,155.3 ,10.0 ,7.1 ,7.1 
357,Fuel Channel_C-357,1,Stainless Steel AISI 405,1242.6 ,155.3 ,10.0 ,7.1 ,7.1 
358,Fuel Channel_C-358,1,Stainless Steel AISI 405,1242.6 ,155.3 ,10.0 ,7.1 ,7.1 
359,Fuel Channel_C-359,1,Stainless Steel AISI 405,1242.6 ,155.3 ,10.0 ,7.1 ,7.1 
360,Fuel Channel_C-360,1,Stainless Steel AISI 405,1242.6 ,155.3 ,10.0 ,7.1 ,7.1 
361,Fuel Channel_C-361,1,Stainless Steel AISI 405,1242.6 ,155.3 ,10.0 ,7.1 ,7.1 
362,Fuel Channel_C-362,1,Stainless Steel AISI 405,1242.6 ,155.3 ,10.0 ,7.1 ,7.1 
363,Fuel Channel_C-363,1,Stainless Steel AISI 405,1242.6 ,155.3 ,10.0 ,7.1 ,7.1 
364,Fuel Channel_C-364,1,Stainless Steel AISI 405,1242.6 ,155.3 ,10.0 ,7.1 ,7.1 
365,Fuel Channel_C-365,1,Stainless Steel AISI 405,1242.6 ,155.3 ,10.0 ,7.1 ,7.1 
366,Fuel Channel_C-366,1,Stainless Steel AISI 405,1242.6 ,155.3 ,10.0 ,7.1 ,7.1 
367,Fuel Channel_C-367,1,Stainless Steel AISI 405,1242.6 ,155.3 ,10.0 ,7.1 ,7.1 
368,Fuel Channel_C-368,1,Stainless Steel AISI 405,1242.6 ,155.3 ,10.0 ,7.1 ,7.1 
369,Fuel Channel_C-369,1,Stainless Steel AISI 405,1242.6 ,155.3 ,10.0 ,7.1 ,7.1 
370,Fuel Channel_C-370,1,Stainless Steel AISI 405,1257.5 ,157.2 ,10.0 ,8.3 ,8.3 
371,Fuel Channel_C-371,1,Stainless Steel AISI 405,2174.0 ,271.8 ,10.0 ,9.6 ,9.6 
372,Fuel Channel_C-372,1,Stainless Steel AISI 405,1040.5 ,130.1 ,10.0 ,8.7 ,8.7 
373,Fuel Channel_C-373,1,Stainless Steel AISI 405,903.1 ,112.9 ,10.0 ,7.9 ,7.9 
374,Fuel Channel_C-374,1,Stainless Steel AISI 405,903.1 ,112.9 ,10.0 ,7.9 ,7.9 
375,Fuel Channel_C-375,1,Stainless Steel AISI 405,1323.3 ,165.4 ,10.0 ,8.5 ,8.5 
376,Fuel Channel_C-376,1,Stainless Steel AISI 405,1248.2 ,156.0 ,10.0 ,8.2 ,8.2 
377,Fuel Channel_C-377,1,Stainless Steel AISI 405,1091.5 ,136.4 ,10.0 ,8.2 ,8.2 
378,Fuel Channel_C-378,1,Stainless Steel AISI 405,2161.1 ,270.1 ,10.0 ,8.0 ,8.0 
379,Fuel Channel_C-379,1,Stainless Steel AISI 405,1415.8 ,177.0 ,10.0 ,8.0 ,8.0 
380,Fuel Channel_C-380,1,Stainless Steel AISI 405,1242.6 ,155.3 ,10.0 ,7.1 ,7.1 
381,Fuel Channel_C-381,1,Stainless Steel AISI 405,1242.6 ,155.3 ,10.0 ,7.1 ,7.1 
382,Fuel Channel_C-382,1,Stainless Steel AISI 405,1242.6 ,155.3 ,10.0 ,7.1 ,7.1 
383,Fuel Channel_C-383,1,Stainless Steel AISI 405,1242.6 ,155.3 ,10.0 ,7.1 ,7.1 
384,Fuel Channel_C-384,1,Stainless Steel AISI 405,1242.6 ,155.3 ,10.0 ,7.1 ,7.1 
385,Fuel Channel_C-385,1,Stainless Steel AISI 405,1242.6 ,155.3 ,10.0 ,7.1 ,7.1 
386,Fuel Channel_C-386,1,Stainless Steel AISI 405,1242.6 ,155.3 ,10.0 ,7.1 ,7.1 
387,Fuel Channel_C-387,1,Stainless Steel AISI 405,1242.6 ,155.3 ,10.0 ,7.1 ,7.1 
388,Fuel Channel_C-388,1,Stainless Steel AISI 405,1242.6 ,155.3 ,10.0 ,7.1 ,7.1 
389,Fuel Channel_C-389,1,Stainless Steel AISI 405,1242.6 ,155.3 ,10.0 ,7.1 ,7.1 
390,Fuel Channel_C-390,1,Stainless Steel AISI 405,1242.6 ,155.3 ,10.0 ,7.1 ,7.1 
391,Fuel Channel_C-391,1,Stainless Steel AISI 405,1242.6 ,155.3 ,10.0 ,7.1 ,7.1 
392,Fuel Channel_C-392,1,Stainless Steel AISI 405,1242.6 ,155.3 ,10.0 ,7.1 ,7.1 
393,Fuel Channel_C-393,1,Stainless Steel AISI 405,1242.6 ,155.3 ,10.0 ,7.1 ,7.1 
394,Fuel Channel_C-394,1,Stainless Steel AISI 405,1242.6 ,155.3 ,10.0 ,7.1 ,7.1 
395,Fuel Channel_C-395,1,Stainless Steel AISI 405,1242.6 ,155.3 ,10.0 ,7.1 ,7.1 
396,Fuel Channel_C-396,1,Stainless Steel AISI 405,1242.6 ,155.3 ,10.0 ,7.1 ,7.1 
397,Fuel Channel_C-397,1,Stainless Steel AISI 405,1242.6 ,155.3 ,10.0 ,7.1 ,7.1 
398,Fuel Channel_C-398,1,Stainless Steel AISI 405,1248.2 ,156.0 ,10.0 ,8.2 ,8.2 
399,Fuel Channel_C-399,1,Stainless Steel AISI 405,1366.9 ,170.9 ,10.0 ,9.4 ,9.4 
400,Fuel Channel_C-400,1,Stainless Steel AISI 405,1547.0 ,193.4 ,10.0 ,7.9 ,7.9 
401,Fuel Channel_C-401,1,Stainless Steel AISI 405,903.1 ,112.9 ,10.0 ,7.9 ,7.9 
402,Fuel Channel_C-402,1,Stainless Steel AISI 405,903.1 ,112.9 ,10.0 ,7.9 ,7.9 
403,Fuel Channel_C-403,1,Stainless Steel AISI 405,1792.4 ,224.1 ,10.0 ,9.6 ,9.6 
404,Fuel Channel_C-404,1,Stainless Steel AISI 405,1679.4 ,209.9 ,10.0 ,9.6 ,9.6 
405,Fuel Channel_C-405,1,Stainless Steel AISI 405,1266.8 ,158.4 ,10.0 ,8.3 ,8.3 
406,Fuel Channel_C-406,1,Stainless Steel AISI 405,1248.2 ,156.0 ,10.0 ,8.2 ,8.2 
407,Fuel Channel_C-407,1,Stainless Steel AISI 405,1299.4 ,162.4 ,10.0 ,8.0 ,8.0 
408,Fuel Channel_C-408,1,Stainless Steel AISI 405,1242.6 ,155.3 ,10.0 ,7.1 ,7.1 
409,Fuel Channel_C-409,1,Stainless Steel AISI 405,1242.6 ,155.3 ,10.0 ,7.1 ,7.1 
410,Fuel Channel_C-410,1,Stainless Steel AISI 405,1242.6 ,155.3 ,10.0 ,7.1 ,7.1 
411,Fuel Channel_C-411,1,Stainless Steel AISI 405,1242.6 ,155.3 ,10.0 ,7.1 ,7.1 
412,Fuel Channel_C-412,1,Stainless Steel AISI 405,1242.6 ,155.3 ,10.0 ,7.1 ,7.1 
413,Fuel Channel_C-413,1,Stainless Steel AISI 405,1242.6 ,155.3 ,10.0 ,7.1 ,7.1 
414,Fuel Channel_C-414,1,Stainless Steel AISI 405,1242.6 ,155.3 ,10.0 ,7.1 ,7.1 
415,Fuel Channel_C-415,1,Stainless Steel AISI 405,1242.6 ,155.3 ,10.0 ,7.1 ,7.1 
416,Fuel Channel_C-416,1,Stainless Steel AISI 405,1242.6 ,155.3 ,10.0 ,7.1 ,7.1 
417,Fuel Channel_C-417,1,Stainless Steel AISI 405,1048.5 ,131.1 ,10.0 ,8.2 ,8.2 
418,Fuel Channel_C-418,1,Stainless Steel AISI 405,1247.9 ,156.0 ,10.0 ,8.2 ,8.2 
419,Fuel Channel_C-419,1,Stainless Steel AISI 405,1334.0 ,166.7 ,10.0 ,8.5 ,8.5 
420,Fuel Channel_C-420,1,Stainless Steel AISI 405,1750.7 ,218.8 ,10.0 ,8.4 ,8.4 
421,Fuel Channel_C-421,1,Stainless Steel AISI 405,1919.1 ,239.9 ,10.0 ,8.4 ,8.4 
422,Fuel Channel_C-422,1,Stainless Steel AISI 405,903.1 ,112.9 ,10.0 ,7.9 ,7.9 
423,Fuel Channel_C-423,1,Stainless Steel AISI 405,1139.1 ,142.4 ,10.0 ,8.7 ,8.7 
424,Fuel Channel_C-424,1,Stainless Steel AISI 405,1294.0 ,161.8 ,10.0 ,8.3 ,8.3 
425,Fuel Channel_C-425,1,Stainless Steel AISI 405,1242.6 ,155.3 ,10.0 ,7.1 ,7.1 
426,Fuel Channel_C-426,1,Stainless Steel AISI 405,1242.6 ,155.3 ,10.0 ,7.1 ,7.1 
427,Fuel Channel_C-427,1,Stainless Steel AISI 405,1242.6 ,155.3 ,10.0 ,7.1 ,7.1 
428,Fuel Channel_C-428,1,Stainless Steel AISI 405,1242.6 ,155.3 ,10.0 ,7.1 ,7.1 
429,Fuel Channel_C-429,1,Stainless Steel AISI 405,1242.6 ,155.3 ,10.0 ,7.1 ,7.1 
430,Fuel Channel_C-430,1,Stainless Steel AISI 405,1242.6 ,155.3 ,10.0 ,7.1 ,7.1 
431,Fuel Channel_C-431,1,Stainless Steel AISI 405,1242.6 ,155.3 ,10.0 ,7.1 ,7.1 
432,Fuel Channel_C-432,1,Stainless Steel AISI 405,1528.0 ,191.0 ,10.0 ,8.0 ,8.0 
433,Fuel Channel_C-433,1,Stainless Steel AISI 405,1035.5 ,129.4 ,10.0 ,8.0 ,8.0 
434,Fuel Channel_C-434,1,Stainless Steel AISI 405,1847.7 ,231.0 ,10.0 ,8.3 ,8.3 
435,Fuel Channel_C-435,1,Stainless Steel AISI 405,903.1 ,112.9 ,10.0 ,7.9 ,7.9 
436,Fuel Channel_C-436,1,Stainless Steel AISI 405,941.9 ,117.7 ,10.0 ,8.4 ,8.4 
